"","p_val","avg_log2FC","pct.1","pct.2","p_val_adj","cluster","gene"
"CHN1",3.07406079881838e-10,0.63824419894395,0.207,0.109,8.08477990089235e-06,"0","CHN1"
"PLIN2",1.95772694437888e-06,0.538833388528268,0.414,0.328,0.0514882186371645,"0","PLIN2"
"IGHA1",1.19427209114371e-75,1.45734485337012,0.839,0.505,3.14093559970797e-71,"1","IGHA1"
"TMEM66",1.11329787665274e-57,1.42038604391949,0.41,0.123,2.92797341559672e-53,"1","TMEM66"
"MT-RNR2",3.53148281370477e-52,1.25851937356047,0.459,0.148,9.28779980004354e-48,"1","MT-RNR2"
"C17orf76-AS1",3.11044086362215e-35,1.21363611900564,0.313,0.107,8.18045947132624e-31,"1","C17orf76-AS1"
"GAS5",8.86858695039786e-37,1.20313692199955,0.288,0.089,2.33243836795464e-32,"1","GAS5"
"IGJ",5.05296218492608e-36,1.11361310313255,0.332,0.116,1.32892905463556e-31,"1","IGJ"
"TMIGD2",5.71561750856373e-114,1.0929306245759,1,0.48,1.50320740475226e-109,"1","TMIGD2"
"PTPRCAP",5.13412902977945e-36,1.08473173523891,0.321,0.109,1.35027593483199e-31,"1","PTPRCAP"
"AC009501.4",2.8781464229819e-31,1.07769862641993,0.197,0.05,7.5695250924424e-27,"1","AC009501.4"
"IGHA2",1.26122604747888e-35,1.02926049028597,0.423,0.181,3.31702450486945e-31,"1","IGHA2"
"JCHAIN",0.0008748741181047,0.97368734717553,0.23,0.174,1,"1","JCHAIN"
"SNHG5",1.78313901756403e-28,0.972157844348204,0.277,0.097,4.6896556161934e-24,"1","SNHG5"
"FOS",7.96660169350922e-19,0.965046929011923,0.723,0.604,2.09521624539292e-14,"1","FOS"
"ANXA1",1.69711184929507e-33,0.886817521571643,0.748,0.524,4.46340416364603e-29,"1","ANXA1"
"MT-RNR1",1.07395640578125e-20,0.883507088269666,0.29,0.121,2.82450534720469e-16,"1","MT-RNR1"
"AMICA1",1.2456938456544e-22,0.876271910357957,0.203,0.068,3.27617481407107e-18,"1","AMICA1"
"RGCC",1.8010910310471e-05,0.862171577937085,0.366,0.305,0.473686941165386,"1","RGCC"
"FOSB",4.38678422618155e-12,0.814923852014877,0.505,0.399,1.15372425148575e-07,"1","FOSB"
"RPSAP58",3.92297810789294e-19,0.808683512627651,0.182,0.064,1.03174324237584e-14,"1","RPSAP58"
"JUNB",3.86338766107786e-12,0.805518062589028,0.744,0.711,1.01607095486348e-07,"1","JUNB"
"TMIGD21",3.05967359667883e-72,0.838989395899832,1,0.485,8.04694155926533e-68,"2","TMIGD2"
"GZMA",7.37179553324292e-30,0.669574658275951,0.857,0.621,1.93878222524289e-25,"2","GZMA"
"TRBC1",1.39119962263648e-12,0.591489003734601,0.606,0.441,3.65885500753394e-08,"2","TRBC1"
"LDLRAD4",7.4475175823888e-14,0.538569504705549,0.506,0.32,1.95869712416825e-09,"2","LDLRAD4"
"ALOX5AP",1.14966065960713e-20,0.536288539108357,0.846,0.703,3.02360753476675e-16,"2","ALOX5AP"
"CREM",5.03408911956489e-16,0.536153757012973,0.828,0.68,1.32396543844557e-11,"2","CREM"
"ADAM19",3.2830895769464e-07,0.528297329497801,0.318,0.215,0.00863452558736903,"2","ADAM19"
"DAPK2",4.97266483258692e-15,0.52633286259795,0.224,0.098,1.30781085097036e-10,"2","DAPK2"
"CAPG",1.21401745072601e-15,0.520097149604464,0.633,0.439,3.19286589540942e-11,"2","CAPG"
"FABP5",0.000182151546422408,0.51893822555592,0.262,0.193,1,"2","FABP5"
"MIR4435-2HG",8.65354384437309e-16,0.51594205060886,0.432,0.249,2.27588203107012e-11,"2","MIR4435-2HG"
"CCL5",3.15906017258974e-09,0.515713207055785,0.696,0.561,8.30832825391102e-05,"2","CCL5"
"GNLY",5.00488124002964e-90,2.69933724330449,0.534,0.139,1.31628376612779e-85,"3","GNLY"
"GZMB",1.32670717774903e-101,1.82190413105401,0.758,0.26,3.48923987747994e-97,"3","GZMB"
"GZMH",2.93485177549565e-42,1.29096843310321,0.281,0.07,7.71866016955357e-38,"3","GZMH"
"CCL4",1.30087242653513e-44,1.19886899487553,0.544,0.217,3.4212944817874e-40,"3","CCL4"
"NKG7",4.55865440975619e-38,1.19581059599497,0.521,0.235,1.19892610976588e-33,"3","NKG7"
"CCL3",3.7133617590094e-15,1.16337530142623,0.222,0.094,9.76614142619472e-11,"3","CCL3"
"IFNG",3.24058854531623e-17,0.999662671257309,0.314,0.147,8.52274787418167e-13,"3","IFNG"
"CCL51",2.66616414242343e-44,0.992093450252868,0.871,0.541,7.01201169457361e-40,"3","CCL5"
"PRF1",1.85435833150544e-38,0.972138259692106,0.389,0.137,4.87696241185932e-34,"3","PRF1"
"LGALS1",2.04602664519021e-09,0.911783980102739,0.487,0.38,5.38105007685026e-05,"3","LGALS1"
"CCL3L3",3.40571954061727e-06,0.809604593212341,0.152,0.082,0.0895704239182342,"3","CCL3L3"
"CD8A",8.25542022164022e-19,0.790616511945408,0.227,0.084,2.17117551829138e-14,"3","CD8A"
"GZMA1",3.53961788177622e-38,0.790031837746285,0.912,0.618,9.30919502907146e-34,"3","GZMA"
"HOPX",5.94539778655275e-24,0.779767860257324,0.466,0.231,1.56363961786337e-19,"3","HOPX"
"LAG3",4.53090978886652e-20,0.755095922642933,0.302,0.128,1.19162927447189e-15,"3","LAG3"
"CST7",1.00741872545337e-14,0.702844998410404,0.557,0.383,2.64951124794237e-10,"3","CST7"
"MT2A",1.50249542933338e-16,0.689569548557164,0.557,0.372,3.95156297914679e-12,"3","MT2A"
"LITAF",5.05442498332146e-15,0.660428838834395,0.317,0.162,1.32931377061354e-10,"3","LITAF"
"C12orf75",1.58663842501088e-12,0.624286980789951,0.446,0.295,4.17285905777861e-08,"3","C12orf75"
"NEAT1",1.42295514072773e-14,0.619426686819255,0.773,0.599,3.74237202011392e-10,"3","NEAT1"
"IL17A",1.48436591749303e-280,2.5289183888435,1,0.135,3.90388236300667e-276,"4","IL17A"
"MT-RNR21",0.0032808104663843,0.891040511104211,0.241,0.187,1,"4","MT-RNR2"
"MT-RNR11",0.00039772062511495,0.849331177269193,0.206,0.139,1,"4","MT-RNR1"
"DNAJB1",4.49851918206672e-07,0.791773897882734,0.629,0.552,0.0118311054488355,"4","DNAJB1"
"CCL20",0.0099419610296997,0.766300048262373,0.467,0.43,1,"4","CCL20"
"HSPA1A",3.19272491206983e-07,0.671785508456922,0.454,0.321,0.00839686651874365,"4","HSPA1A"
"HSPA1B",9.2198278779202e-09,0.589342976008262,0.384,0.242,0.000242481473189301,"4","HSPA1B"
"CD69",3.42103208046992e-09,0.538118982781287,0.803,0.747,8.99731437163589e-05,"4","CD69"
"HSP90AA1",2.04335457106007e-07,0.520319070202546,0.921,0.863,0.00537402252188798,"4","HSP90AA1"
"EGR1",4.49243934837556e-07,0.513129061524224,0.175,0.088,0.0118151154862277,"4","EGR1"
"IL4I1",1.69538436009195e-47,1.22127242412611,0.492,0.169,4.45886086704182e-43,"5","IL4I1"
"NKG71",5.41350801430043e-30,0.911826233586518,0.539,0.242,1.42375260776101e-25,"5","NKG7"
"CCL41",9.29248121304513e-09,0.909961064639635,0.38,0.243,0.000244392255903087,"5","CCL4"
"HOPX1",6.05514786516682e-25,0.895624650178077,0.505,0.234,1.59250388853887e-20,"5","HOPX"
"DUSP2",1.70586072525241e-06,0.880400950150718,0.357,0.252,0.0448641370741384,"5","DUSP2"
"GZMK",5.04766932221845e-37,0.872304111755747,0.158,0.021,1.32753703174345e-32,"5","GZMK"
"ZFP36",1.86539429645146e-20,0.837254303371935,0.791,0.619,4.90598699966734e-16,"5","ZFP36"
"CD8A1",3.73640618063268e-21,0.8144694490975,0.259,0.085,9.82674825506394e-17,"5","CD8A"
"NCR3",5.65483706255718e-09,0.747118254991197,0.222,0.112,0.000148722214745254,"5","NCR3"
"CTSW1",2.36176231667997e-22,0.721736434004599,0.286,0.098,6.21143489286832e-18,"5","CTSW"
"LYAR",5.64615736334605e-12,0.7013963499546,0.212,0.089,1.48493938656001e-07,"5","LYAR"
"PTPRCAP1",4.50049521227402e-07,0.690742525993868,0.232,0.129,0.0118363024082807,"5","PTPRCAP"
"TMIGD22",2.93508322990601e-39,0.656242809715905,1,0.51,7.71926889465279e-35,"5","TMIGD2"
"TRGC2",2.32054278601218e-10,0.654819479367052,0.212,0.096,6.10302752721204e-06,"5","TRGC2"
"RGCC1",5.43407582376011e-05,0.643735229631577,0.394,0.306,1,"5","RGCC"
"IGHA11",1.41874295981526e-08,0.6294738624609,0.663,0.541,0.000373129398431414,"5","IGHA1"
"IGJ1",5.57532702623918e-06,0.588385687577883,0.236,0.138,0.14663110079009,"5","IGJ"
"IGHA21",7.81917375272701e-08,0.574054074264727,0.34,0.203,0.0020564426969672,"5","IGHA2"
"C17orf76-AS11",4.59489892448982e-09,0.566616709802155,0.249,0.125,0.000120845841714082,"5","C17orf76-AS1"
"LST1",4.30399418464105e-07,0.564370460012579,0.286,0.171,0.011319504705606,"5","LST1"
"IL22",0,2.76558102835504,0.99,0.04,0,"6","IL22"
"IGJ2",2.51296571322749e-08,1.12386491674913,0.279,0.138,0.000660909982578831,"6","IGJ"
"MT-RNR23",6.01967002849104e-09,0.698733281189832,0.353,0.181,0.000158317321749314,"6","MT-RNR2"
"TNFRSF4",2.75963734197932e-05,0.692602677439772,0.269,0.156,0.725784620940562,"6","TNFRSF4"
"C19orf10",2.74361076226994e-10,0.648833915037223,0.144,0.044,7.21569630476995e-06,"6","C19orf10"
"MIR24-21",1.03523804886272e-08,0.643356645297042,0.174,0.066,0.000272267606850897,"6","MIR24-2"
"IGHA12",1.92649339926879e-10,0.638899243003165,0.741,0.54,5.06667764007693e-06,"6","IGHA1"
"AMICA11",9.32454383083982e-09,0.618952305617187,0.199,0.08,0.000245235502751087,"6","AMICA1"
"C17orf76-AS12",1.1822830027637e-05,0.614053523802869,0.239,0.129,0.310940429726854,"6","C17orf76-AS1"
"PTGER21",1.32086018777226e-05,0.588502999316619,0.164,0.077,0.347386229384106,"6","PTGER2"
"PTPRCAP2",1.22032247341212e-08,0.577906883807487,0.279,0.13,0.000320944810507387,"6","PTPRCAP"
"MT-RNR12",7.68562430736678e-08,0.577612333778257,0.279,0.137,0.00202131919283746,"6","MT-RNR1"
"TMEM661",7.72176726484515e-07,0.557359606203508,0.294,0.155,0.0203082479065428,"6","TMEM66"
"IL17A1",1.01049712080353e-145,1.90748105984913,0.989,0.17,2.65760742771329e-141,"7","IL17A"
"CXCL13",0.000289813120120303,0.842077460316921,0.102,0.044,1,"7","CXCL13"
"TMIGD23",1.68824990415583e-32,0.791878869600359,0.995,0.527,4.44009724792983e-28,"7","TMIGD2"
"ZFP36L1",1.61659703284617e-06,0.589390451026794,0.652,0.496,0.0425165019638542,"7","ZFP36L1"
"IFNG1",0.00227477185443074,0.519758409273088,0.241,0.162,1,"7","IFNG"
"TIGIT",0.00184242759616073,0.512205266415579,0.209,0.132,1,"7","TIGIT"
"NTRK2",0,2.26208782523181,0.977,0.023,0,"8","NTRK2"
"PLIN21",1.999365975547e-22,1.34994149206564,0.663,0.324,5.25833251568862e-18,"8","PLIN2"
"CTSL",1.36407596085144e-18,0.947239442042798,0.343,0.117,3.58751977703928e-14,"8","CTSL"
"NR3C1",1.04899190348938e-19,0.924479315500359,0.651,0.33,2.75884870617706e-15,"8","NR3C1"
"HSPA1A1",0.000378857460887245,0.88419446851686,0.442,0.328,1,"8","HSPA1A"
"HSPD1",8.42996909821463e-13,0.868395436175122,0.587,0.326,2.21708187283045e-08,"8","HSPD1"
"CREM1",3.83304147128268e-16,0.74472716023834,0.895,0.689,1.00808990694734e-11,"8","CREM"
"SARAF",1.99047220679232e-18,0.698292604127866,0.953,0.695,5.23494190386381e-14,"8","SARAF"
"HSPE1",0.000233460722006637,0.690458271830162,0.657,0.532,1,"8","HSPE1"
"HSPB1",7.28628863073569e-08,0.678341677032683,0.57,0.368,0.00191629390988349,"8","HSPB1"
"HLA-DRB11",6.21996989099287e-10,0.669508917859944,0.5,0.283,1.63585208133112e-05,"8","HLA-DRB1"
"DUSP41",1.2199668164195e-11,0.664159816278507,0.628,0.363,3.2085127271833e-07,"8","DUSP4"
"GNA15",1.78183663996506e-10,0.646656010865822,0.424,0.216,4.68623036310812e-06,"8","GNA15"
"ATP1B3",2.52690526263219e-08,0.64245476852386,0.564,0.359,0.000664576084072267,"8","ATP1B3"
"TNFRSF41",1.263704675995e-09,0.636352835120716,0.331,0.154,3.32354329786686e-05,"8","TNFRSF4"
"SQSTM1",3.2277745181216e-05,0.619999757602049,0.517,0.364,0.848904698265981,"8","SQSTM1"
"COTL1",2.56808810662259e-11,0.611545184639018,0.855,0.656,6.75407172041742e-07,"8","COTL1"
"HSP90AA11",0.00196174494575008,0.609025901269402,0.907,0.867,1,"8","HSP90AA1"
"LRRN3",1.28174020948791e-07,0.608333009363056,0.198,0.081,0.00337097675095319,"8","LRRN3"
"LTB",0.00117472356778835,0.605701761575529,0.814,0.743,1,"8","LTB"
"GNLY1",1.15504582820224e-85,2.91808340385948,0.799,0.158,3.0377705281719e-81,"9","GNLY"
"GZMB1",1.25373264971483e-69,2.72039379473446,0.914,0.291,3.29731686875e-65,"9","GZMB"
"CCL42",3.18108248187641e-55,2.57823312046622,0.777,0.232,8.36624692733497e-51,"9","CCL4"
"NKG72",1.82192332718042e-63,2.24081976646743,0.806,0.245,4.79165835048449e-59,"9","NKG7"
"CD8A2",1.52808217987043e-74,2.0913773533205,0.547,0.082,4.01885613305922e-70,"9","CD8A"
"CCL31",1.37152478208676e-16,1.83904240398659,0.317,0.1,3.60711017688819e-12,"9","CCL3"
"PRF11",7.74063576310806e-52,1.72387391358974,0.626,0.146,2.03578720569742e-47,"9","PRF1"
"LAG31",1.38088347539708e-42,1.51119889588763,0.54,0.131,3.63172354029433e-38,"9","LAG3"
"CCL52",1.7027194637385e-39,1.45489293230017,0.957,0.563,4.47815218963225e-35,"9","CCL5"
"HOPX2",5.51222129389738e-37,1.31606470359565,0.712,0.239,1.44971420029501e-32,"9","HOPX"
"GZMA2",1.85305703904254e-35,1.29844097779348,0.986,0.638,4.87354001268188e-31,"9","GZMA"
"CTSW2",6.15878817686541e-28,1.22720281556282,0.403,0.103,1.6197612905156e-23,"9","CTSW"
"NCR31",1.26496832248637e-30,1.21441550632844,0.432,0.109,3.32686668813915e-26,"9","NCR3"
"CCL3L31",2.54216309852683e-11,1.16126207387374,0.245,0.084,6.68588894912557e-07,"9","CCL3L3"
"KRT86",3.03560080714329e-30,1.14154267644152,0.23,0.033,7.98363012278685e-26,"9","KRT86"
"GZMH1",6.33315665763695e-39,1.07653092983245,0.417,0.08,1.66562020095852e-34,"9","GZMH"
"HPGD",2.81075768206973e-25,0.991605129637645,0.396,0.106,7.39229270384339e-21,"9","HPGD"
"IFNG2",3.35111002377493e-12,0.953554203789222,0.388,0.157,8.81341936252805e-08,"9","IFNG"
"TRGC21",3.3642165440931e-27,0.946745152509564,0.388,0.094,8.84788951096485e-23,"9","TRGC2"
"C12orf751",6.42926028522711e-17,0.920863164832822,0.604,0.299,1.69089545501473e-12,"9","C12orf75"
"IL17F",0,3.32676831143976,0.979,0.022,0,"10","IL17F"
"IL17A2",1.51533569735173e-77,2.54347512789461,1,0.193,3.98533288403505e-73,"10","IL17A"
"CCL201",8.2108500009285e-08,1.0037350928001,0.688,0.426,0.00215945355024419,"10","CCL20"
"ICOS",0.000128058096376729,0.912223504649445,0.427,0.286,1,"10","ICOS"
"CTSH1",2.36549153561025e-13,0.876777525220892,0.625,0.303,6.22124273865496e-09,"10","CTSH"
"GPX1",4.27396932623939e-09,0.832056030756446,0.75,0.455,0.000112405393280096,"10","GPX1"
"TRBC11",0.00349483485148948,0.731454219159496,0.583,0.46,1,"10","TRBC1"
"CD40LG",1.40534533224981e-06,0.71023978416176,0.479,0.265,0.0369605822381701,"10","CD40LG"
"IGKC",0.00495185044465474,0.709418189995591,0.719,0.667,1,"10","IGKC"
"MIR4435-2HG2",5.33686843488072e-09,0.706673386503914,0.542,0.266,0.000140359639837363,"10","MIR4435-2HG"
"PHLDA1",3.80288164604098e-06,0.684624209534646,0.583,0.355,0.100015787290878,"10","PHLDA1"
"LAT",2.74386835819237e-07,0.646746982789263,0.573,0.327,0.00721637378204593,"10","LAT"
"PHTF2",3.19784889179362e-07,0.623795665723839,0.323,0.139,0.00841034258541722,"10","PHTF2"
"RP11-81H14.2",4.40412891625556e-07,0.620283459014689,0.188,0.059,0.0115828590497521,"10","RP11-81H14.2"
"PBXIP1",1.77954122486244e-05,0.587453517852902,0.562,0.365,0.468019342138823,"10","PBXIP1"
"PKM",6.92119174812534e-07,0.564973693288223,0.781,0.525,0.0182027342975697,"10","PKM"
"LIMS1",3.82549232591407e-07,0.562314361686369,0.562,0.31,0.010061044817154,"10","LIMS1"
"TFF3",2.93799851495496e-07,0.548922098705566,0.396,0.185,0.00772693609433155,"10","TFF3"
"KDSR",0.000142236527336189,0.548812147879181,0.208,0.094,1,"10","KDSR"
"KPNB1",0.000626268653046489,0.541368887787312,0.312,0.182,1,"10","KPNB1"
"IL221",7.97867681177894e-216,4.32806707724748,1,0.07,2.09839200149786e-211,"11","IL22"
"IL17A3",1.02875409850367e-89,3.02331548144372,1,0.193,2.70562327906465e-85,"11","IL17A"
"MT-RNR24",1.77168919018951e-29,1.97611350307748,0.615,0.179,4.6595425701984e-25,"11","MT-RNR2"
"MT-RNR13",7.27704630168679e-30,1.65677482539578,0.542,0.133,1.91386317734363e-25,"11","MT-RNR1"
"TMEM662",3.05002800597878e-26,1.41671753678785,0.562,0.152,8.02157365572418e-22,"11","TMEM66"
"GAS51",5.8812867494402e-24,1.40350669651801,0.438,0.107,1.54677841510277e-19,"11","GAS5"
"SNHG51",3.0253580183434e-21,1.38691478611686,0.427,0.113,7.95669158824314e-17,"11","SNHG5"
"FOSB1",3.60717745131633e-15,1.36896307519569,0.719,0.405,9.48687669696196e-11,"11","FOSB"
"TAGAP",9.45703819116434e-08,1.21709117776792,0.448,0.232,0.00248720104427622,"11","TAGAP"
"IGJ3",3.39302697599209e-16,1.17278731314903,0.438,0.138,8.92366094685919e-12,"11","IGJ"
"RGS2",2.9817809789365e-09,1.14936998885763,0.646,0.412,7.84208397460299e-05,"11","RGS2"
"SNHG61",5.40640562004138e-19,1.14176116097494,0.302,0.066,1.42188467807088e-14,"11","SNHG6"
"C17orf76-AS13",3.18114602206176e-14,1.09823880169172,0.396,0.128,8.36641403802242e-10,"11","C17orf76-AS1"
"DUSP12",7.02012601724462e-11,1.09220528342807,0.875,0.73,1.84629314253533e-06,"11","DUSP1"
"ANXA12",1.94757466774637e-07,1.07848113059068,0.708,0.551,0.00512212137617295,"11","ANXA1"
"CD691",1.14598363114501e-10,1.0076629797427,0.927,0.747,3.01393694991137e-06,"11","CD69"
"MIR24-22",1.77094234896852e-15,1.00464583587159,0.281,0.066,4.6575783777872e-11,"11","MIR24-2"
"PTPRCAP3",1.48330636338584e-11,0.991700567785707,0.375,0.132,3.90109573570475e-07,"11","PTPRCAP"
"GADD45B1",0.00131169938540156,0.976724736784373,0.312,0.205,1,"11","GADD45B"
"SF3B14",3.97025304183688e-13,0.963354704918646,0.208,0.046,1.0441765500031e-08,"11","SF3B14"
"IL17F1",8.30516763749062e-254,2.30132518389628,1,0.032,2.18425908866003e-249,"12","IL17F"
"CTSL1",1.69330565047285e-09,1.18894227065799,0.377,0.124,4.45339386074361e-05,"12","CTSL"
"HES41",3.55706273308226e-11,1.12843193277568,0.393,0.113,9.35507498800634e-07,"12","HES4"
"TNFRSF42",0.000147446500371226,1.12569388122412,0.328,0.16,1,"12","TNFRSF4"
"CCR62",1.70222600595215e-12,0.943874983783831,0.656,0.258,4.47685439565415e-08,"12","CCR6"
"TMEM173",2.6686974596799e-11,0.942771576985372,0.607,0.232,7.01867431895813e-07,"12","TMEM173"
"CREM2",1.36745477460564e-07,0.904606203505614,0.869,0.696,0.00359640605721284,"12","CREM"
"ICOS2",1.03026637680228e-05,0.843875096014461,0.541,0.285,0.270960057099001,"12","ICOS"
"ATP1B31",1.42006157187295e-06,0.798255489683677,0.672,0.363,0.0373476193402585,"12","ATP1B3"
"SARAF1",4.51001572551105e-09,0.734598335670828,0.984,0.703,0.000118613413580941,"12","SARAF"
"FAM177A11",0.00014130771906058,0.734423842007231,0.574,0.358,1,"12","FAM177A1"
"GPX11",3.2597790100921e-08,0.72279334644586,0.803,0.457,0.000857321879654224,"12","GPX1"
"GDE11",1.94316866184158e-05,0.669907105249583,0.377,0.166,0.511053358064336,"12","GDE1"
"NDUFV2",1.82195026469584e-09,0.665276291416409,0.82,0.378,4.79172919615006e-05,"12","NDUFV2"
"DUSP43",6.91612142468991e-07,0.664947931681953,0.705,0.37,0.0181893993469345,"12","DUSP4"
"UBE2B",8.10990636560555e-05,0.646692070222049,0.607,0.374,1,"12","UBE2B"
"CD5",6.15569807974899e-06,0.640824652064745,0.459,0.217,0.161894859497398,"12","CD5"
"CNOT6L",5.21093744015509e-08,0.632821876795764,0.656,0.297,0.00137047654676079,"12","CNOT6L"
"PLIN22",0.000125013108070227,0.631151537578965,0.541,0.337,1,"12","PLIN2"
"ARID5B",5.84229407866933e-05,0.630777262710736,0.459,0.24,1,"12","ARID5B"
