"","p_val","avg_log2FC","pct.1","pct.2","p_val_adj","cluster","gene"
"CHN1",3.07406079881838e-10,0.63824419894395,0.207,0.109,8.08477990089235e-06,"0","CHN1"
"PLIN2",1.95772694437888e-06,0.538833388528268,0.414,0.328,0.0514882186371645,"0","PLIN2"
"TMIGD2",5.71561750856373e-114,1.0929306245759,1,0.48,1.50320740475226e-109,"1","TMIGD2"
"IGHA1",1.19427209114371e-75,1.45734485337012,0.839,0.505,3.14093559970797e-71,"1","IGHA1"
"RPL3",6.57059992222571e-72,0.756395907356619,0.998,0.997,1.72806777954536e-67,"1","RPL3"
"RPS6",8.16761119238167e-72,0.624517752249664,1,0.998,2.14808174359638e-67,"1","RPS6"
"RPL13",9.43579228461143e-70,0.513557431309404,1,0.999,2.48161337085281e-65,"1","RPL13"
"TMEM66",1.11329787665274e-57,1.42038604391949,0.41,0.123,2.92797341559672e-53,"1","TMEM66"
"RPL10",7.83768958683087e-57,0.526715441859834,1,0.999,2.06131236133652e-52,"1","RPL10"
"RPS14",4.34043576104342e-54,0.516254066993915,0.996,0.998,1.14153460515442e-49,"1","RPS14"
"MT-RNR2",3.53148281370477e-52,1.25851937356047,0.459,0.148,9.28779980004354e-48,"1","MT-RNR2"
"RPS2",2.71797695332768e-48,0.576788283517824,1,0.999,7.14827938725179e-44,"1","RPS2"
"RPS3",1.15601885789842e-45,0.505051314563306,1,0.996,3.04032959627286e-41,"1","RPS3"
"GAS5",8.86858695039786e-37,1.20313692199955,0.288,0.089,2.33243836795464e-32,"1","GAS5"
"IGJ",5.05296218492608e-36,1.11361310313255,0.332,0.116,1.32892905463556e-31,"1","IGJ"
"PTPRCAP",5.13412902977945e-36,1.08473173523891,0.321,0.109,1.35027593483199e-31,"1","PTPRCAP"
"IGHA2",1.26122604747888e-35,1.02926049028597,0.423,0.181,3.31702450486945e-31,"1","IGHA2"
"C17orf76-AS1",3.11044086362215e-35,1.21363611900564,0.313,0.107,8.18045947132624e-31,"1","C17orf76-AS1"
"ANXA1",1.69711184929507e-33,0.886817521571643,0.748,0.524,4.46340416364603e-29,"1","ANXA1"
"AC009501.4",2.8781464229819e-31,1.07769862641993,0.197,0.05,7.5695250924424e-27,"1","AC009501.4"
"SNHG5",1.78313901756403e-28,0.972157844348204,0.277,0.097,4.6896556161934e-24,"1","SNHG5"
"AMICA1",1.2456938456544e-22,0.876271910357957,0.203,0.068,3.27617481407107e-18,"1","AMICA1"
"MT-RNR1",1.07395640578125e-20,0.883507088269666,0.29,0.121,2.82450534720469e-16,"1","MT-RNR1"
"SNHG6",1.63817543687325e-19,0.682416321967202,0.171,0.056,4.30840139897664e-15,"1","SNHG6"
"RPSAP58",3.92297810789294e-19,0.808683512627651,0.182,0.064,1.03174324237584e-14,"1","RPSAP58"
"IL7R",6.93627281718675e-19,0.684975263628873,0.677,0.541,1.82423975092011e-14,"1","IL7R"
"FOS",7.96660169350922e-19,0.965046929011923,0.723,0.604,2.09521624539292e-14,"1","FOS"
"NHP2L1",7.47192745544903e-18,0.629566181854729,0.171,0.059,1.96511692078309e-13,"1","NHP2L1"
"MIR24-2",7.73057728701007e-16,0.706150215929935,0.161,0.058,2.03314182648365e-11,"1","MIR24-2"
"PCED1B-AS1",4.01632603531261e-14,0.644537868735327,0.121,0.039,1.05629374728722e-09,"1","PCED1B-AS1"
"PTGER2",1.13008885518593e-13,0.597205658019085,0.167,0.068,2.972133689139e-09,"1","PTGER2"
"JUNB",3.86338766107786e-12,0.805518062589028,0.744,0.711,1.01607095486348e-07,"1","JUNB"
"FOSB",4.38678422618155e-12,0.814923852014877,0.505,0.399,1.15372425148575e-07,"1","FOSB"
"MRP63",8.1854004464197e-12,0.622344257095575,0.108,0.037,2.15276031740838e-07,"1","MRP63"
"DUSP1",3.14852366234532e-10,0.533499849055647,0.776,0.727,8.2806172319682e-06,"1","DUSP1"
"SOCS1",2.02111136786026e-09,0.614951577958345,0.328,0.223,5.31552289747247e-05,"1","SOCS1"
"GIMAP7",2.4506638135971e-07,0.581084065727043,0.389,0.301,0.00644524582976039,"1","GIMAP7"
"PTGER4",3.21732577210872e-07,0.52665078087445,0.351,0.262,0.00846156678064594,"1","PTGER4"
"ICAM2",1.48905705533406e-06,0.506014689624423,0.152,0.086,0.0391622005552859,"1","ICAM2"
"RGCC",1.8010910310471e-05,0.862171577937085,0.366,0.305,0.473686941165386,"1","RGCC"
"NBEAL1",0.00032509869461504,0.539705102921319,0.421,0.396,1,"1","NBEAL1"
"GIMAP4",0.000376535756987934,0.508407390047008,0.266,0.207,1,"1","GIMAP4"
"JCHAIN",0.0008748741181047,0.97368734717553,0.23,0.174,1,"1","JCHAIN"
"DDIT4",0.00132304107471289,0.514157923480149,0.452,0.412,1,"1","DDIT4"
"GADD45B",0.00209505675198967,0.524405849252339,0.247,0.201,1,"1","GADD45B"
"TMIGD21",3.05967359667883e-72,0.838989395899832,1,0.485,8.04694155926533e-68,"2","TMIGD2"
"GZMA",7.37179553324292e-30,0.669574658275951,0.857,0.621,1.93878222524289e-25,"2","GZMA"
"ALOX5AP",1.14966065960713e-20,0.536288539108357,0.846,0.703,3.02360753476675e-16,"2","ALOX5AP"
"CREM",5.03408911956489e-16,0.536153757012973,0.828,0.68,1.32396543844557e-11,"2","CREM"
"MIR4435-2HG",8.65354384437309e-16,0.51594205060886,0.432,0.249,2.27588203107012e-11,"2","MIR4435-2HG"
"CAPG",1.21401745072601e-15,0.520097149604464,0.633,0.439,3.19286589540942e-11,"2","CAPG"
"DAPK2",4.97266483258692e-15,0.52633286259795,0.224,0.098,1.30781085097036e-10,"2","DAPK2"
"LDLRAD4",7.4475175823888e-14,0.538569504705549,0.506,0.32,1.95869712416825e-09,"2","LDLRAD4"
"TRBC1",1.39119962263648e-12,0.591489003734601,0.606,0.441,3.65885500753394e-08,"2","TRBC1"
"CCL5",3.15906017258974e-09,0.515713207055785,0.696,0.561,8.30832825391102e-05,"2","CCL5"
"ADAM19",3.2830895769464e-07,0.528297329497801,0.318,0.215,0.00863452558736903,"2","ADAM19"
"FABP5",0.000182151546422408,0.51893822555592,0.262,0.193,1,"2","FABP5"
"GZMB",1.32670717774903e-101,1.82190413105401,0.758,0.26,3.48923987747994e-97,"3","GZMB"
"GNLY",5.00488124002964e-90,2.69933724330449,0.534,0.139,1.31628376612779e-85,"3","GNLY"
"CCL4",1.30087242653513e-44,1.19886899487553,0.544,0.217,3.4212944817874e-40,"3","CCL4"
"CCL51",2.66616414242343e-44,0.992093450252868,0.871,0.541,7.01201169457361e-40,"3","CCL5"
"GZMH",2.93485177549565e-42,1.29096843310321,0.281,0.07,7.71866016955357e-38,"3","GZMH"
"PRF1",1.85435833150544e-38,0.972138259692106,0.389,0.137,4.87696241185932e-34,"3","PRF1"
"GZMA1",3.53961788177622e-38,0.790031837746285,0.912,0.618,9.30919502907146e-34,"3","GZMA"
"NKG7",4.55865440975619e-38,1.19581059599497,0.521,0.235,1.19892610976588e-33,"3","NKG7"
"HOPX",5.94539778655275e-24,0.779767860257324,0.466,0.231,1.56363961786337e-19,"3","HOPX"
"LAG3",4.53090978886652e-20,0.755095922642933,0.302,0.128,1.19162927447189e-15,"3","LAG3"
"CD8A",8.25542022164022e-19,0.790616511945408,0.227,0.084,2.17117551829138e-14,"3","CD8A"
"IFNG",3.24058854531623e-17,0.999662671257309,0.314,0.147,8.52274787418167e-13,"3","IFNG"
"MT2A",1.50249542933338e-16,0.689569548557164,0.557,0.372,3.95156297914679e-12,"3","MT2A"
"CCL3",3.7133617590094e-15,1.16337530142623,0.222,0.094,9.76614142619472e-11,"3","CCL3"
"LITAF",5.05442498332146e-15,0.660428838834395,0.317,0.162,1.32931377061354e-10,"3","LITAF"
"CST7",1.00741872545337e-14,0.702844998410404,0.557,0.383,2.64951124794237e-10,"3","CST7"
"NEAT1",1.42295514072773e-14,0.619426686819255,0.773,0.599,3.74237202011392e-10,"3","NEAT1"
"TNFRSF18",4.89122838739709e-14,0.579934779616234,0.451,0.273,1.28639306588544e-09,"3","TNFRSF18"
"DUSP4",1.04625683150293e-12,0.550319327952878,0.536,0.355,2.7516554668527e-08,"3","DUSP4"
"C12orf75",1.58663842501088e-12,0.624286980789951,0.446,0.295,4.17285905777861e-08,"3","C12orf75"
"ITGB2",5.55306399723067e-12,0.60043738400276,0.34,0.193,1.46045583127167e-07,"3","ITGB2"
"CTSW",1.25958746614494e-11,0.506417586665463,0.219,0.101,3.31271503596119e-07,"3","CTSW"
"APOBEC3G",2.0214903145023e-11,0.587469550753457,0.304,0.172,5.31651952714106e-07,"3","APOBEC3G"
"CD70",8.04268696250785e-11,0.521699618749652,0.232,0.117,2.11522667113956e-06,"3","CD70"
"SLC7A5",6.70466575775254e-10,0.504346224718233,0.302,0.175,1.76332709428892e-05,"3","SLC7A5"
"LGALS1",2.04602664519021e-09,0.911783980102739,0.487,0.38,5.38105007685026e-05,"3","LGALS1"
"HLA-DRB1",2.37615172120376e-08,0.502465235046792,0.41,0.279,0.000624927902676589,"3","HLA-DRB1"
"HAVCR2",2.74526495398328e-08,0.554941234799719,0.142,0.067,0.000722004682897602,"3","HAVCR2"
"CCL3L3",3.40571954061727e-06,0.809604593212341,0.152,0.082,0.0895704239182342,"3","CCL3L3"
"CD7",1.78963036512258e-05,0.50215801303006,0.649,0.593,0.470672786027239,"3","CD7"
"IL17A",1.48436591749303e-280,2.5289183888435,1,0.135,3.90388236300667e-276,"4","IL17A"
"CD69",3.42103208046992e-09,0.538118982781287,0.803,0.747,8.99731437163589e-05,"4","CD69"
"HSPA1B",9.2198278779202e-09,0.589342976008262,0.384,0.242,0.000242481473189301,"4","HSPA1B"
"HSP90AA1",2.04335457106007e-07,0.520319070202546,0.921,0.863,0.00537402252188798,"4","HSP90AA1"
"HSPA1A",3.19272491206983e-07,0.671785508456922,0.454,0.321,0.00839686651874365,"4","HSPA1A"
"EGR1",4.49243934837556e-07,0.513129061524224,0.175,0.088,0.0118151154862277,"4","EGR1"
"DNAJB1",4.49851918206672e-07,0.791773897882734,0.629,0.552,0.0118311054488355,"4","DNAJB1"
"MT-RNR11",0.00039772062511495,0.849331177269193,0.206,0.139,1,"4","MT-RNR1"
"MT-RNR21",0.0032808104663843,0.891040511104211,0.241,0.187,1,"4","MT-RNR2"
"CCL20",0.0099419610296997,0.766300048262373,0.467,0.43,1,"4","CCL20"
"IL4I1",1.69538436009195e-47,1.22127242412611,0.492,0.169,4.45886086704182e-43,"5","IL4I1"
"TMIGD22",2.93508322990601e-39,0.656242809715905,1,0.51,7.71926889465279e-35,"5","TMIGD2"
"GZMK",5.04766932221845e-37,0.872304111755747,0.158,0.021,1.32753703174345e-32,"5","GZMK"
"NKG71",5.41350801430043e-30,0.911826233586518,0.539,0.242,1.42375260776101e-25,"5","NKG7"
"HOPX1",6.05514786516682e-25,0.895624650178077,0.505,0.234,1.59250388853887e-20,"5","HOPX"
"CTSW1",2.36176231667997e-22,0.721736434004599,0.286,0.098,6.21143489286832e-18,"5","CTSW"
"CD8A1",3.73640618063268e-21,0.8144694490975,0.259,0.085,9.82674825506394e-17,"5","CD8A"
"ZFP36",1.86539429645146e-20,0.837254303371935,0.791,0.619,4.90598699966734e-16,"5","ZFP36"
"ANXA11",1.4576436339e-12,0.51153124083899,0.771,0.535,3.833602757157e-08,"5","ANXA1"
"LYAR",5.64615736334605e-12,0.7013963499546,0.212,0.089,1.48493938656001e-07,"5","LYAR"
"DUSP11",1.68256284374219e-11,0.536211786936191,0.838,0.724,4.42514027904196e-07,"5","DUSP1"
"TRGC2",2.32054278601218e-10,0.654819479367052,0.212,0.096,6.10302752721204e-06,"5","TRGC2"
"AQP3",2.52632667484885e-09,0.551171645338124,0.414,0.269,6.64423915485248e-05,"5","AQP3"
"C17orf76-AS11",4.59489892448982e-09,0.566616709802155,0.249,0.125,0.000120845841714082,"5","C17orf76-AS1"
"NCR3",5.65483706255718e-09,0.747118254991197,0.222,0.112,0.000148722214745254,"5","NCR3"
"FOS1",6.41367826177178e-09,0.529127178566148,0.731,0.61,0.000168679738284598,"5","FOS"
"CCL41",9.29248121304513e-09,0.909961064639635,0.38,0.243,0.000244392255903087,"5","CCL4"
"IGHA11",1.41874295981526e-08,0.6294738624609,0.663,0.541,0.000373129398431414,"5","IGHA1"
"IGHA21",7.81917375272701e-08,0.574054074264727,0.34,0.203,0.0020564426969672,"5","IGHA2"
"BTG2",8.61924755771665e-08,0.549622851146373,0.498,0.364,0.00226686210767948,"5","BTG2"
"IFNGR1",9.27406375658143e-08,0.522222853186914,0.273,0.161,0.00243907876798092,"5","IFNGR1"
"LST1",4.30399418464105e-07,0.564370460012579,0.286,0.171,0.011319504705606,"5","LST1"
"PTPRCAP1",4.50049521227402e-07,0.690742525993868,0.232,0.129,0.0118363024082807,"5","PTPRCAP"
"MT-RNR22",1.27679490880279e-06,0.50391186880459,0.303,0.181,0.0335797061015133,"5","MT-RNR2"
"DUSP2",1.70586072525241e-06,0.880400950150718,0.357,0.252,0.0448641370741384,"5","DUSP2"
"IGJ1",5.57532702623918e-06,0.588385687577883,0.236,0.138,0.14663110079009,"5","IGJ"
"LMNA",1.75183769387975e-05,0.559696447713733,0.259,0.168,0.460733313490375,"5","LMNA"
"RGCC1",5.43407582376011e-05,0.643735229631577,0.394,0.306,1,"5","RGCC"
"TNF",0.00566771005710032,0.52258436000061,0.178,0.124,1,"5","TNF"
"IL22",0,2.76558102835504,0.99,0.04,0,"6","IL22"
"IGHA12",1.92649339926879e-10,0.638899243003165,0.741,0.54,5.06667764007693e-06,"6","IGHA1"
"C19orf10",2.74361076226994e-10,0.648833915037223,0.144,0.044,7.21569630476995e-06,"6","C19orf10"
"MT-RNR23",6.01967002849104e-09,0.698733281189832,0.353,0.181,0.000158317321749314,"6","MT-RNR2"
"AMICA11",9.32454383083982e-09,0.618952305617187,0.199,0.08,0.000245235502751087,"6","AMICA1"
"MIR24-21",1.03523804886272e-08,0.643356645297042,0.174,0.066,0.000272267606850897,"6","MIR24-2"
"PTPRCAP2",1.22032247341212e-08,0.577906883807487,0.279,0.13,0.000320944810507387,"6","PTPRCAP"
"IGJ2",2.51296571322749e-08,1.12386491674913,0.279,0.138,0.000660909982578831,"6","IGJ"
"MT-RNR12",7.68562430736678e-08,0.577612333778257,0.279,0.137,0.00202131919283746,"6","MT-RNR1"
"TMEM661",7.72176726484515e-07,0.557359606203508,0.294,0.155,0.0203082479065428,"6","TMEM66"
"C17orf76-AS12",1.1822830027637e-05,0.614053523802869,0.239,0.129,0.310940429726854,"6","C17orf76-AS1"
"PTGER21",1.32086018777226e-05,0.588502999316619,0.164,0.077,0.347386229384106,"6","PTGER2"
"TNFRSF4",2.75963734197932e-05,0.692602677439772,0.269,0.156,0.725784620940562,"6","TNFRSF4"
"IL17A1",1.01049712080353e-145,1.90748105984913,0.989,0.17,2.65760742771329e-141,"7","IL17A"
"TMIGD23",1.68824990415583e-32,0.791878869600359,0.995,0.527,4.44009724792983e-28,"7","TMIGD2"
"ZFP36L1",1.61659703284617e-06,0.589390451026794,0.652,0.496,0.0425165019638542,"7","ZFP36L1"
"CXCL13",0.000289813120120303,0.842077460316921,0.102,0.044,1,"7","CXCL13"
"TIGIT",0.00184242759616073,0.512205266415579,0.209,0.132,1,"7","TIGIT"
"IFNG1",0.00227477185443074,0.519758409273088,0.241,0.162,1,"7","IFNG"
"NTRK2",0,2.26208782523181,0.977,0.023,0,"8","NTRK2"
"PLIN21",1.999365975547e-22,1.34994149206564,0.663,0.324,5.25833251568862e-18,"8","PLIN2"
"NR3C1",1.04899190348938e-19,0.924479315500359,0.651,0.33,2.75884870617706e-15,"8","NR3C1"
"CTSL",1.36407596085144e-18,0.947239442042798,0.343,0.117,3.58751977703928e-14,"8","CTSL"
"SARAF",1.99047220679232e-18,0.698292604127866,0.953,0.695,5.23494190386381e-14,"8","SARAF"
"CREM1",3.83304147128268e-16,0.74472716023834,0.895,0.689,1.00808990694734e-11,"8","CREM"
"MSC",4.51291619887366e-14,0.52584713181221,0.331,0.122,1.18689696030377e-09,"8","MSC"
"HSPD1",8.42996909821463e-13,0.868395436175122,0.587,0.326,2.21708187283045e-08,"8","HSPD1"
"DUSP41",1.2199668164195e-11,0.664159816278507,0.628,0.363,3.2085127271833e-07,"8","DUSP4"
"FAM118A",1.43680502865563e-11,0.556345714275397,0.366,0.158,3.77879722536432e-07,"8","FAM118A"
"HES4",1.9948784990312e-11,0.585374815079224,0.285,0.109,5.24653045245206e-07,"8","HES4"
"COTL1",2.56808810662259e-11,0.611545184639018,0.855,0.656,6.75407172041742e-07,"8","COTL1"
"GNA15",1.78183663996506e-10,0.646656010865822,0.424,0.216,4.68623036310812e-06,"8","GNA15"
"HLA-DRB11",6.21996989099287e-10,0.669508917859944,0.5,0.283,1.63585208133112e-05,"8","HLA-DRB1"
"CRADD",9.94799860029721e-10,0.560500407920401,0.233,0.091,2.61632363187817e-05,"8","CRADD"
"TNFRSF41",1.263704675995e-09,0.636352835120716,0.331,0.154,3.32354329786686e-05,"8","TNFRSF4"
"MIR4435-2HG1",1.41414185531103e-09,0.553748091356155,0.483,0.262,3.71919307946801e-05,"8","MIR4435-2HG"
"SOD1",1.97850627524578e-09,0.56027167457355,0.826,0.644,5.20347150389639e-05,"8","SOD1"
"FURIN",6.60888589847163e-09,0.602606731034222,0.43,0.231,0.000173813699129804,"8","FURIN"
"ALOX5AP1",6.66966504203878e-09,0.569396467634074,0.878,0.714,0.00017541219060562,"8","ALOX5AP"
"HMGB2",1.75923227735299e-08,0.542841569079161,0.669,0.463,0.000462678088943836,"8","HMGB2"
"IRS2",2.33843420688679e-08,0.539483625210404,0.273,0.124,0.000615008196411226,"8","IRS2"
"ATP1B3",2.52690526263219e-08,0.64245476852386,0.564,0.359,0.000664576084072267,"8","ATP1B3"
"STARD7",4.06338513433995e-08,0.508431279939625,0.256,0.115,0.00106867029033141,"8","STARD7"
"NFKB1",4.32765844941026e-08,0.511668922892533,0.297,0.141,0.0011381741721949,"8","NFKB1"
"FAM177A1",5.18869532468419e-08,0.528432567124594,0.558,0.351,0.00136462687039194,"8","FAM177A1"
"HSPB1",7.28628863073569e-08,0.678341677032683,0.57,0.368,0.00191629390988349,"8","HSPB1"
"BATF",7.63515128962203e-08,0.507708501155599,0.512,0.305,0.00200804478917059,"8","BATF"
"LDLRAD41",7.81678629132937e-08,0.562589505864431,0.517,0.335,0.00205581479461962,"8","LDLRAD4"
"LRRN3",1.28174020948791e-07,0.608333009363056,0.198,0.081,0.00337097675095319,"8","LRRN3"
"CORO1B",1.47718042285049e-07,0.56503765118128,0.512,0.312,0.00388498451209678,"8","CORO1B"
"GDE1",3.36711746615043e-07,0.560107604599369,0.314,0.163,0.00885551893597564,"8","GDE1"
"CTSH",5.29645606354814e-07,0.553776711241319,0.488,0.303,0.0139296794471316,"8","CTSH"
"CCR6",2.70369205395273e-06,0.543149924922766,0.419,0.257,0.0711071010189569,"8","CCR6"
"SQSTM1",3.2277745181216e-05,0.619999757602049,0.517,0.364,0.848904698265981,"8","SQSTM1"
"DOK2",4.90150882099128e-05,0.582824378268782,0.407,0.271,1,"8","DOK2"
"HSPE1",0.000233460722006637,0.690458271830162,0.657,0.532,1,"8","HSPE1"
"HSPA1A1",0.000378857460887245,0.88419446851686,0.442,0.328,1,"8","HSPA1A"
"LTB",0.00117472356778835,0.605701761575529,0.814,0.743,1,"8","LTB"
"HSP90AA11",0.00196174494575008,0.609025901269402,0.907,0.867,1,"8","HSP90AA1"
"GNLY1",1.15504582820224e-85,2.91808340385948,0.799,0.158,3.0377705281719e-81,"9","GNLY"
"CD8A2",1.52808217987043e-74,2.0913773533205,0.547,0.082,4.01885613305922e-70,"9","CD8A"
"GZMB1",1.25373264971483e-69,2.72039379473446,0.914,0.291,3.29731686875e-65,"9","GZMB"
"NKG72",1.82192332718042e-63,2.24081976646743,0.806,0.245,4.79165835048449e-59,"9","NKG7"
"CCL42",3.18108248187641e-55,2.57823312046622,0.777,0.232,8.36624692733497e-51,"9","CCL4"
"PRF11",7.74063576310806e-52,1.72387391358974,0.626,0.146,2.03578720569742e-47,"9","PRF1"
"LAG31",1.38088347539708e-42,1.51119889588763,0.54,0.131,3.63172354029433e-38,"9","LAG3"
"CCL52",1.7027194637385e-39,1.45489293230017,0.957,0.563,4.47815218963225e-35,"9","CCL5"
"GZMH1",6.33315665763695e-39,1.07653092983245,0.417,0.08,1.66562020095852e-34,"9","GZMH"
"HOPX2",5.51222129389738e-37,1.31606470359565,0.712,0.239,1.44971420029501e-32,"9","HOPX"
"GZMA2",1.85305703904254e-35,1.29844097779348,0.986,0.638,4.87354001268188e-31,"9","GZMA"
"NCR31",1.26496832248637e-30,1.21441550632844,0.432,0.109,3.32686668813915e-26,"9","NCR3"
"KRT86",3.03560080714329e-30,1.14154267644152,0.23,0.033,7.98363012278685e-26,"9","KRT86"
"HAVCR21",4.20706130119993e-29,0.748567577448361,0.324,0.064,1.10645712221558e-24,"9","HAVCR2"
"CTSW2",6.15878817686541e-28,1.22720281556282,0.403,0.103,1.6197612905156e-23,"9","CTSW"
"TRGC21",3.3642165440931e-27,0.946745152509564,0.388,0.094,8.84788951096485e-23,"9","TRGC2"
"HPGD",2.81075768206973e-25,0.991605129637645,0.396,0.106,7.39229270384339e-21,"9","HPGD"
"KLRG1",8.19451757286564e-25,0.743553845859784,0.259,0.048,2.15515812166366e-20,"9","KLRG1"
"CCL4L2",1.5006014200722e-22,0.722176617630869,0.331,0.083,3.9465817347899e-18,"9","CCL4L2"
"CD8B",2.6489051805283e-20,0.543913540126341,0.173,0.027,6.96662062478943e-16,"9","CD8B"
"CSF1",2.51787403500638e-19,0.737634763088512,0.216,0.043,6.62200871206677e-15,"9","CSF1"
"TMIGD24",9.57471261207094e-19,0.645702170953369,0.978,0.535,2.51814941697466e-14,"9","TMIGD2"
"KLRC1",3.01510554786643e-18,0.605079571182513,0.108,0.012,7.92972759088872e-14,"9","KLRC1"
"C12orf751",6.42926028522711e-17,0.920863164832822,0.604,0.299,1.69089545501473e-12,"9","C12orf75"
"MT2A1",1.36267246191619e-16,0.800989576585844,0.712,0.379,3.58382857483958e-12,"9","MT2A"
"CCL31",1.37152478208676e-16,1.83904240398659,0.317,0.1,3.60711017688819e-12,"9","CCL3"
"TXK",2.02713164015821e-16,0.539248876181931,0.165,0.031,5.3313562136161e-12,"9","TXK"
"CD71",6.09733049417637e-16,0.832469310642424,0.863,0.588,1.60359791996839e-11,"9","CD7"
"CST71",6.85923362108358e-15,0.900008409691365,0.734,0.389,1.80397844234498e-10,"9","CST7"
"ZBTB16",8.39309578481429e-15,0.555841354279444,0.216,0.054,2.20738419140616e-10,"9","ZBTB16"
"SLC4A10",1.23013341809945e-14,0.533590864549929,0.194,0.046,3.23525088960157e-10,"9","SLC4A10"
"APOBEC3G1",2.76715220783968e-14,0.720673705492928,0.432,0.177,7.27761030661836e-10,"9","APOBEC3G"
"HCST",3.05550821643571e-14,0.68753568595967,0.906,0.641,8.03598660922593e-10,"9","HCST"
"RUNX3",5.63260369032476e-14,0.696075879709209,0.54,0.249,1.48137477055541e-09,"9","RUNX3"
"CD701",5.81058998950883e-14,0.727040937296673,0.345,0.121,1.52818516724082e-09,"9","CD70"
"TRGC1",8.33397624013241e-14,0.500227810131795,0.158,0.033,2.19183575115482e-09,"9","TRGC1"
"GTF3C1",2.46847468896935e-13,0.519410296685763,0.18,0.043,6.4920884319894e-09,"9","GTF3C1"
"TNFRSF9",2.55649742024276e-13,0.60485683430889,0.158,0.035,6.72358821523847e-09,"9","TNFRSF9"
"AC092580.4",2.56676428939745e-13,0.748993233419408,0.856,0.612,6.75059008111529e-09,"9","AC092580.4"
"PTMS",1.00617439256711e-12,0.920317165363645,0.374,0.152,2.64623865245149e-08,"9","PTMS"
"LITAF1",1.27801293877807e-12,0.801881358735789,0.403,0.17,3.36117402898634e-08,"9","LITAF"
"IFNG2",3.35111002377493e-12,0.953554203789222,0.388,0.157,8.81341936252805e-08,"9","IFNG"
"SF3B1",6.5222827453423e-12,0.596079278754275,0.496,0.232,1.71536036202502e-07,"9","SF3B1"
"CLEC2B",1.05906514879588e-11,0.613540093608758,0.719,0.418,2.78534134133316e-07,"9","CLEC2B"
"HLA-DRB12",1.09059698763914e-11,0.756762060973379,0.554,0.283,2.86827007749093e-07,"9","HLA-DRB1"
"LAYN",1.37772572081497e-11,0.551244902143157,0.216,0.064,3.62341864574338e-07,"9","LAYN"
"ADGRE5",2.31588314087661e-11,0.615159472124878,0.532,0.253,6.09077266050547e-07,"9","ADGRE5"
"CCL3L31",2.54216309852683e-11,1.16126207387374,0.245,0.084,6.68588894912557e-07,"9","CCL3L3"
"CD63",2.68692072068655e-11,0.745615123240009,0.734,0.494,7.06660149540562e-07,"9","CD63"
"CTSA",2.96223558844058e-11,0.732480853910245,0.381,0.167,7.79067959759872e-07,"9","CTSA"
"CD52",3.32318150749434e-11,0.589244726289877,0.986,0.948,8.73996736471012e-07,"9","CD52"
"ITM2C",4.36382483256986e-11,0.668868550916198,0.396,0.174,1.14768593096587e-06,"9","ITM2C"
"GLUL",1.53080568118546e-10,0.596563339685442,0.216,0.069,4.02601894151776e-06,"9","GLUL"
"CALR",1.66974683034912e-10,0.721907955056921,0.741,0.483,4.39143416381818e-06,"9","CALR"
"EIF2AK2",2.81380110176896e-10,0.628399072055127,0.266,0.099,7.40029689765236e-06,"9","EIF2AK2"
"HDAC1",3.78500467549773e-10,0.564251982305439,0.374,0.171,9.95456229655903e-06,"9","HDAC1"
"HLA-DPA1",5.99406720603736e-10,0.588847877535369,0.583,0.304,1.57643967518782e-05,"9","HLA-DPA1"
"CCND2",7.36527189038245e-10,0.555524646146334,0.396,0.181,1.93706650717059e-05,"9","CCND2"
"MX1",8.1078501331787e-10,0.534734878912295,0.223,0.076,2.132364585026e-05,"9","MX1"
"ACP5",1.25492043480421e-09,0.560022086653212,0.345,0.148,3.30044074353507e-05,"9","ACP5"
"GYG1",1.81414675434002e-09,0.576692843684562,0.489,0.248,4.77120596391425e-05,"9","GYG1"
"SRGAP3",3.01432382913988e-09,0.508706938436743,0.173,0.053,7.92767167063788e-05,"9","SRGAP3"
"ENTPD1",6.52500639036545e-09,0.56916544922656,0.453,0.236,0.000171607668066611,"9","ENTPD1"
"CTSD",1.06003166612521e-08,0.586814150987067,0.633,0.399,0.00027878832819093,"9","CTSD"
"HSP90B1",1.14281632247126e-08,0.530299590694592,0.583,0.333,0.000300560692809942,"9","HSP90B1"
"CKLF",2.55931093157748e-08,0.615517492711499,0.835,0.683,0.000673098775004878,"9","CKLF"
"LDHA",3.05659342672244e-08,0.533422145251184,0.863,0.666,0.000803884071228001,"9","LDHA"
"ATP5C1",5.39608808463386e-08,0.529896791812606,0.59,0.36,0.0014191711662587,"9","ATP5C1"
"AQP31",5.75086301232381e-08,0.614499406631712,0.482,0.273,0.00151247697224116,"9","AQP3"
"ABI3",7.00609593983566e-08,0.534881630605764,0.446,0.238,0.00184260323217678,"9","ABI3"
"DUSP42",1.15711395401077e-07,0.523059376579248,0.612,0.366,0.00304320969904832,"9","DUSP4"
"CTD-3252C9.4",1.30085430922384e-07,0.5107024771462,0.367,0.176,0.00342124683325871,"9","CTD-3252C9.4"
"AREG",1.61121325300033e-07,0.502702985926494,0.209,0.08,0.00423749085539087,"9","AREG"
"PLSCR1",2.12338045154501e-07,0.515672919589293,0.259,0.114,0.00558449058756338,"9","PLSCR1"
"ALOX5AP2",2.48105264240694e-07,0.531491821900616,0.835,0.717,0.00652516844953026,"9","ALOX5AP"
"TYROBP",5.80869704928547e-07,0.570017390006112,0.137,0.044,0.0152768732396208,"9","TYROBP"
"SPRY1",7.30266852273211e-07,0.517322714594403,0.317,0.157,0.0192060182147855,"9","SPRY1"
"ID3",8.12605074708815e-07,0.568905376758517,0.129,0.041,0.0213715134648418,"9","ID3"
"ANXA2",1.86883186847673e-06,0.583578025646544,0.662,0.453,0.0491502781409381,"9","ANXA2"
"SATB1",2.23633841483731e-05,0.531768626145477,0.295,0.158,0.588157003102212,"9","SATB1"
"HLA-DRA",2.25202338007973e-05,0.560014859128027,0.432,0.256,0.59228214896097,"9","HLA-DRA"
"RGS1",3.84497729874172e-05,0.574526813683712,0.935,0.811,1,"9","RGS1"
"SLC7A51",6.05613656832779e-05,0.532958234978246,0.317,0.184,1,"9","SLC7A5"
"LGALS11",6.85188015603213e-05,0.50649230181913,0.561,0.385,1,"9","LGALS1"
"DUSP21",0.000322606022714488,0.510062309124172,0.403,0.255,1,"9","DUSP2"
"LST11",0.000342472733274905,0.567525213155594,0.288,0.177,1,"9","LST1"
"IL17F",0,3.32676831143976,0.979,0.022,0,"10","IL17F"
"IL17A2",1.51533569735173e-77,2.54347512789461,1,0.193,3.98533288403505e-73,"10","IL17A"
"CTSH1",2.36549153561025e-13,0.876777525220892,0.625,0.303,6.22124273865496e-09,"10","CTSH"
"GPX1",4.27396932623939e-09,0.832056030756446,0.75,0.455,0.000112405393280096,"10","GPX1"
"MIR4435-2HG2",5.33686843488072e-09,0.706673386503914,0.542,0.266,0.000140359639837363,"10","MIR4435-2HG"
"CCL201",8.2108500009285e-08,1.0037350928001,0.688,0.426,0.00215945355024419,"10","CCL20"
"LAT",2.74386835819237e-07,0.646746982789263,0.573,0.327,0.00721637378204593,"10","LAT"
"TFF3",2.93799851495496e-07,0.548922098705566,0.396,0.185,0.00772693609433155,"10","TFF3"
"PHTF2",3.19784889179362e-07,0.623795665723839,0.323,0.139,0.00841034258541722,"10","PHTF2"
"LIMS1",3.82549232591407e-07,0.562314361686369,0.562,0.31,0.010061044817154,"10","LIMS1"
"RP11-81H14.2",4.40412891625556e-07,0.620283459014689,0.188,0.059,0.0115828590497521,"10","RP11-81H14.2"
"PKM",6.92119174812534e-07,0.564973693288223,0.781,0.525,0.0182027342975697,"10","PKM"
"CD40LG",1.40534533224981e-06,0.71023978416176,0.479,0.265,0.0369605822381701,"10","CD40LG"
"IL26",1.62449381798444e-06,0.511651923556995,0.365,0.169,0.0427241874129908,"10","IL26"
"ACTG1",2.35969548335439e-06,0.516857880181734,0.969,0.899,0.0620599912122205,"10","ACTG1"
"CD82",2.3791683133349e-06,0.508399669209742,0.458,0.237,0.0625721266407079,"10","CD82"
"PHLDA1",3.80288164604098e-06,0.684624209534646,0.583,0.355,0.100015787290878,"10","PHLDA1"
"JMY",1.233684674137e-05,0.508001872011766,0.208,0.083,0.324459069298032,"10","JMY"
"PBXIP1",1.77954122486244e-05,0.587453517852902,0.562,0.365,0.468019342138823,"10","PBXIP1"
"CCR61",1.90828528457829e-05,0.518662171804357,0.458,0.259,0.501879029844091,"10","CCR6"
"LINC-PINT",2.5785443561115e-05,0.509330824453702,0.427,0.229,0.678157165657326,"10","LINC-PINT"
"DNPH1",7.43296464004347e-05,0.538725793268918,0.479,0.301,1,"10","DNPH1"
"SASH3",0.000116749134827664,0.538561862713149,0.281,0.144,1,"10","SASH3"
"MBNL1",0.000119508658256183,0.530512223198015,0.573,0.378,1,"10","MBNL1"
"ICOS",0.000128058096376729,0.912223504649445,0.427,0.286,1,"10","ICOS"
"KDSR",0.000142236527336189,0.548812147879181,0.208,0.094,1,"10","KDSR"
"KPNB1",0.000626268653046489,0.541368887787312,0.312,0.182,1,"10","KPNB1"
"TRBC11",0.00349483485148948,0.731454219159496,0.583,0.46,1,"10","TRBC1"
"IGKC",0.00495185044465474,0.709418189995591,0.719,0.667,1,"10","IGKC"
"IL221",7.97867681177894e-216,4.32806707724748,1,0.07,2.09839200149786e-211,"11","IL22"
"IL17A3",1.02875409850367e-89,3.02331548144372,1,0.193,2.70562327906465e-85,"11","IL17A"
"MT-RNR13",7.27704630168679e-30,1.65677482539578,0.542,0.133,1.91386317734363e-25,"11","MT-RNR1"
"MT-RNR24",1.77168919018951e-29,1.97611350307748,0.615,0.179,4.6595425701984e-25,"11","MT-RNR2"
"TMEM662",3.05002800597878e-26,1.41671753678785,0.562,0.152,8.02157365572418e-22,"11","TMEM66"
"GAS51",5.8812867494402e-24,1.40350669651801,0.438,0.107,1.54677841510277e-19,"11","GAS5"
"SNHG51",3.0253580183434e-21,1.38691478611686,0.427,0.113,7.95669158824314e-17,"11","SNHG5"
"SNHG61",5.40640562004138e-19,1.14176116097494,0.302,0.066,1.42188467807088e-14,"11","SNHG6"
"IGJ3",3.39302697599209e-16,1.17278731314903,0.438,0.138,8.92366094685919e-12,"11","IGJ"
"MIR24-22",1.77094234896852e-15,1.00464583587159,0.281,0.066,4.6575783777872e-11,"11","MIR24-2"
"FOSB1",3.60717745131633e-15,1.36896307519569,0.719,0.405,9.48687669696196e-11,"11","FOSB"
"C17orf76-AS13",3.18114602206176e-14,1.09823880169172,0.396,0.128,8.36641403802242e-10,"11","C17orf76-AS1"
"RPL31",3.08729655356102e-13,0.628359495620679,1,0.997,8.11958993586549e-09,"11","RPL3"
"SF3B14",3.97025304183688e-13,0.963354704918646,0.208,0.046,1.0441765500031e-08,"11","SF3B14"
"PTPRCAP3",1.48330636338584e-11,0.991700567785707,0.375,0.132,3.90109573570475e-07,"11","PTPRCAP"
"DUSP12",7.02012601724462e-11,1.09220528342807,0.875,0.73,1.84629314253533e-06,"11","DUSP1"
"CD691",1.14598363114501e-10,1.0076629797427,0.927,0.747,3.01393694991137e-06,"11","CD69"
"TAPSAR1",3.33615680300037e-10,0.792552394451659,0.156,0.034,8.77409239189096e-06,"11","TAPSAR1"
"AMICA12",6.5104011506974e-10,0.944750229235036,0.26,0.082,1.71223550263342e-05,"11","AMICA1"
"RGS2",2.9817809789365e-09,1.14936998885763,0.646,0.412,7.84208397460299e-05,"11","RGS2"
"C1orf86",3.85737503784519e-09,0.552594050081003,0.125,0.025,0.000101448963495329,"11","C1orf86"
"NHP2L11",5.37723840323283e-09,0.905506018788537,0.229,0.071,0.000141421370005023,"11","NHP2L1"
"IGHA13",1.45931596917013e-08,0.594866304365242,0.781,0.545,0.000383800099891744,"11","IGHA1"
"RP11-622K12.1",3.06592742078796e-08,0.511890333551591,0.104,0.02,0.000806338911667233,"11","RP11-622K12.1"
"LINC00892",6.07008223646904e-08,0.618658940754339,0.125,0.028,0.00159643162819136,"11","LINC00892"
"TAGAP",9.45703819116434e-08,1.21709117776792,0.448,0.232,0.00248720104427622,"11","TAGAP"
"C1orf63",9.89701341140122e-08,0.688813160131579,0.167,0.046,0.00260291452719852,"11","C1orf63"
"ANXA12",1.94757466774637e-07,1.07848113059068,0.708,0.551,0.00512212137617295,"11","ANXA1"
"SPG20",2.20614092121679e-07,0.734700192955689,0.167,0.049,0.00580215062280017,"11","SPG20"
"MRP631",4.80302862317824e-07,0.564466778266362,0.156,0.044,0.0126319652789588,"11","MRP63"
"CYB5R1",6.63663542168774e-07,0.60934328706858,0.167,0.051,0.0174543511590388,"11","CYB5R1"
"SIK1",7.28815351976888e-07,0.575498853807694,0.125,0.032,0.0191678437569922,"11","SIK1"
"NACA2",8.08973586593106e-07,0.503971141486439,0.198,0.067,0.0212760053273987,"11","NACA2"
"IGHA22",1.94757168432795e-06,0.701289617372531,0.406,0.21,0.0512211352978252,"11","IGHA2"
"FOS2",2.08365276262709e-06,0.753266998165627,0.781,0.616,0.0548000676570925,"11","FOS"
"GIMAP5",2.4406195112404e-06,0.700378792561067,0.208,0.077,0.0641882931456226,"11","GIMAP5"
"RNA18S5",6.29822685152954e-06,0.782639885046397,0.188,0.068,0.165643366195227,"11","RNA18S5"
"AC009501.41",8.14576562381498e-06,0.510535749985882,0.188,0.068,0.214233635906334,"11","AC009501.4"
"DNAJA1",1.14232251188891e-05,0.65583893079787,0.677,0.533,0.300430820626784,"11","DNAJA1"
"NR4A2",4.49240974124971e-05,0.824748957733684,0.365,0.214,1,"11","NR4A2"
"JUNB1",4.99549938969184e-05,0.730560737238497,0.812,0.712,1,"11","JUNB"
"JUN",6.97355368024979e-05,0.564900509528393,0.885,0.775,1,"11","JUN"
"PTGER22",8.85952894401684e-05,0.598800588990152,0.188,0.079,1,"11","PTGER2"
"SELK",0.000121080244233952,0.763683593984213,0.688,0.586,1,"11","SELK"
"U2AF1",0.000139891284144533,0.758847286879444,0.25,0.127,1,"11","U2AF1"
"BTG21",0.000239693971604158,0.765227795669248,0.521,0.371,1,"11","BTG2"
"ICAM21",0.000251926985768851,0.66246733381312,0.198,0.092,1,"11","ICAM2"
"H3F3B",0.00039881207579275,0.547382050079907,0.969,0.969,1,"11","H3F3B"
"NR4A1",0.000493233037581967,0.818878409255416,0.208,0.102,1,"11","NR4A1"
"MID1IP1",0.000615886710058745,0.650082433558879,0.177,0.084,1,"11","MID1IP1"
"GLT8D1",0.000901828327382314,0.508472163097294,0.135,0.056,1,"11","GLT8D1"
"CCND3",0.0010890703055337,0.603271817431897,0.354,0.233,1,"11","CCND3"
"GADD45B1",0.00131169938540156,0.976724736784373,0.312,0.205,1,"11","GADD45B"
"ICOS1",0.00135952763261272,0.580214831381254,0.406,0.287,1,"11","ICOS"
"PTGER41",0.00160392126547809,0.547956525012547,0.396,0.271,1,"11","PTGER4"
"NR4A3",0.00227480208228385,0.528751232991606,0.125,0.055,1,"11","NR4A3"
"SOCS3",0.00261968413204422,0.591551570725933,0.26,0.157,1,"11","SOCS3"
"MYADM",0.00330904996492611,0.714872071734667,0.406,0.303,1,"11","MYADM"
"EGR11",0.00347776455980164,0.561974728039742,0.177,0.094,1,"11","EGR1"
"YPEL5",0.00359363085118166,0.602090441883029,0.635,0.555,1,"11","YPEL5"
"MRPL34",0.00400012188660088,0.675268117512873,0.292,0.198,1,"11","MRPL34"
"CSF2",0.00407449738121773,0.660281446848838,0.115,0.049,1,"11","CSF2"
"RILPL2",0.00619247372340365,0.575085883652436,0.302,0.199,1,"11","RILPL2"
"AC020571.3",0.0063348289597184,0.524028153790711,0.219,0.129,1,"11","AC020571.3"
"BCAP31",0.00844307616961017,0.542421090925256,0.385,0.292,1,"11","BCAP31"
"IL17F1",8.30516763749062e-254,2.30132518389628,1,0.032,2.18425908866003e-249,"12","IL17F"
"CCR62",1.70222600595215e-12,0.943874983783831,0.656,0.258,4.47685439565415e-08,"12","CCR6"
"TMEM173",2.6686974596799e-11,0.942771576985372,0.607,0.232,7.01867431895813e-07,"12","TMEM173"
"HES41",3.55706273308226e-11,1.12843193277568,0.393,0.113,9.35507498800634e-07,"12","HES4"
"CTSL1",1.69330565047285e-09,1.18894227065799,0.377,0.124,4.45339386074361e-05,"12","CTSL"
"NDUFV2",1.82195026469584e-09,0.665276291416409,0.82,0.378,4.79172919615006e-05,"12","NDUFV2"
"SARAF1",4.51001572551105e-09,0.734598335670828,0.984,0.703,0.000118613413580941,"12","SARAF"
"GPX11",3.2597790100921e-08,0.72279334644586,0.803,0.457,0.000857321879654224,"12","GPX1"
"CNOT6L",5.21093744015509e-08,0.632821876795764,0.656,0.297,0.00137047654676079,"12","CNOT6L"
"CREM2",1.36745477460564e-07,0.904606203505614,0.869,0.696,0.00359640605721284,"12","CREM"
"RNF144B",5.20344467218291e-07,0.561743069713685,0.131,0.025,0.0136850594878411,"12","RNF144B"
"DUSP43",6.91612142468991e-07,0.664947931681953,0.705,0.37,0.0181893993469345,"12","DUSP4"
"CSNK1G2",1.03098261443755e-06,0.575226969149889,0.23,0.067,0.0271148427597076,"12","CSNK1G2"
"ATP1B31",1.42006157187295e-06,0.798255489683677,0.672,0.363,0.0373476193402585,"12","ATP1B3"
"LINC-PINT1",2.87603867333909e-06,0.591436838329295,0.508,0.229,0.075639817108818,"12","LINC-PINT"
"CD5",6.15569807974899e-06,0.640824652064745,0.459,0.217,0.161894859497398,"12","CD5"
"SRGN",9.10034539147117e-06,0.547659751280623,0.984,0.95,0.239339083795692,"12","SRGN"
"ICOS2",1.03026637680228e-05,0.843875096014461,0.541,0.285,0.270960057099001,"12","ICOS"
"BCL2L11",1.23955963216147e-05,0.599742504837104,0.344,0.14,0.326004183258466,"12","BCL2L11"
"ESRRA",1.47807390206436e-05,0.52364082275098,0.131,0.032,0.388733436242926,"12","ESRRA"
"MGAT4A",1.72601701515698e-05,0.584907912880072,0.721,0.441,0.453942474986286,"12","MGAT4A"
"TGFB1",1.79909212552999e-05,0.600964945393812,0.508,0.278,0.473161229014386,"12","TGFB1"
"CBX5",1.88881810368325e-05,0.5195035208348,0.213,0.07,0.496759161268695,"12","CBX5"
"GDE11",1.94316866184158e-05,0.669907105249583,0.377,0.166,0.511053358064336,"12","GDE1"
"IRF2BP2",3.26339298098963e-05,0.600570935945529,0.426,0.203,0.858272354000273,"12","IRF2BP2"
"SNU13",4.50052183420553e-05,0.54706300996578,0.656,0.382,1,"12","SNU13"
"ARID5B",5.84229407866933e-05,0.630777262710736,0.459,0.24,1,"12","ARID5B"
"UBE2B",8.10990636560555e-05,0.646692070222049,0.607,0.374,1,"12","UBE2B"
"CD44",8.65965578229979e-05,0.522036364828837,0.82,0.562,1,"12","CD44"
"PLIN22",0.000125013108070227,0.631151537578965,0.541,0.337,1,"12","PLIN2"
"FAM177A11",0.00014130771906058,0.734423842007231,0.574,0.358,1,"12","FAM177A1"
"TNFRSF42",0.000147446500371226,1.12569388122412,0.328,0.16,1,"12","TNFRSF4"
"CMC2",0.000261068751840881,0.510917848739624,0.426,0.223,1,"12","CMC2"
"EVI2A",0.000397037580710085,0.539477564508947,0.557,0.326,1,"12","EVI2A"
"FTH1",0.000438928907119841,0.535297931416249,1,0.994,1,"12","FTH1"
"CTSH2",0.000464202946052469,0.589741496530666,0.508,0.309,1,"12","CTSH"
"NSMCE3",0.000537614594964678,0.618211593618422,0.295,0.138,1,"12","NSMCE3"
"RELB",0.000660242098606187,0.612724832914821,0.377,0.204,1,"12","RELB"
"PIM3",0.000711697386994217,0.53745462207599,0.361,0.183,1,"12","PIM3"
"SPOCK2",0.00168737236393602,0.553334922064053,0.787,0.603,1,"12","SPOCK2"
"NAMPT",0.00227642478982656,0.574532110501298,0.41,0.234,1,"12","NAMPT"
